Name,GeneSymbol,ClinicalSignificance,Chromosome,Start,ReferenceAllele,AlternateAllele,ReviewStatus,VariationID,SimpleLabel
NM_000251.3(MSH2):c.1285C>T (p.Gln429Ter),MSH2,Pathogenic,2,47672695,na,na,reviewed by expert panel,90616,Pathogenic
NM_001134831.2(AHI1):c.1997A>T (p.Asp666Val),AHI1,Pathogenic/Likely pathogenic,6,135759552,na,na,"criteria provided, multiple submitters, no conflicts",217548,Pathogenic
NM_000059.4(BRCA2):c.9025dup (p.Tyr3009fs),BRCA2,Pathogenic,13,32953955,na,na,reviewed by expert panel,267131,Pathogenic
NM_000238.4(KCNH2):c.545C>A (p.Ser182Ter),KCNH2,Pathogenic,7,150655518,na,na,"criteria provided, multiple submitters, no conflicts",372376,Pathogenic
NM_000419.5(ITGA2B):c.1366_1371del (p.Val456_Asp457del),ITGA2B,Likely pathogenic,17,44380901,na,na,reviewed by expert panel,2898,Pathogenic
NM_007254.4(PNKP):c.1295_1298+6del,PNKP,Pathogenic/Likely pathogenic,19,49861766,na,na,"criteria provided, multiple submitters, no conflicts",159788,Pathogenic
NM_001134407.3(GRIN2A):c.1007+1G>A,GRIN2A,Pathogenic/Likely pathogenic,16,9937958,na,na,"criteria provided, multiple submitters, no conflicts",88727,Pathogenic
NM_032444.4(SLX4):c.951-1G>T,SLX4,Likely pathogenic,16,3601192,na,na,"criteria provided, multiple submitters, no conflicts",1325101,Pathogenic
NM_000080.4(CHRNE):c.1164del (p.Lys388fs),CHRNE,Pathogenic/Likely pathogenic,17,4802548,na,na,"criteria provided, multiple submitters, no conflicts",1070299,Pathogenic
NM_004700.4(KCNQ4):c.961G>A (p.Gly321Ser),KCNQ4,Pathogenic/Likely pathogenic,1,40820180,na,na,"criteria provided, multiple submitters, no conflicts",6243,Pathogenic
NM_001042492.3(NF1):c.5812+5G>A,NF1,Pathogenic,17,31330503,na,na,"criteria provided, multiple submitters, no conflicts",457764,Pathogenic
NM_000478.6(ALPL):c.361G>A (p.Val121Met),ALPL,Pathogenic/Likely pathogenic,1,21563173,na,na,"criteria provided, multiple submitters, no conflicts",1334794,Pathogenic
NM_182760.4(SUMF1):c.836C>T (p.Ala279Val),SUMF1,Pathogenic/Likely pathogenic,3,4458816,na,na,"criteria provided, multiple submitters, no conflicts",2669,Pathogenic
NM_000051.4(ATM):c.2829_2838+16delinsA,ATM,Likely pathogenic,11,108268600,na,na,"criteria provided, multiple submitters, no conflicts",584462,Pathogenic
NM_000642.3(AGL):c.3011del (p.Pro1004fs),AGL,Pathogenic/Likely pathogenic,1,100357221,na,na,"criteria provided, multiple submitters, no conflicts",370197,Pathogenic
NM_000329.3(RPE65):c.200T>G (p.Leu67Arg),RPE65,Pathogenic,1,68912438,na,na,reviewed by expert panel,1068757,Pathogenic
NM_000382.3(ALDH3A2):c.1137del (p.Ser380fs),ALDH3A2,Pathogenic/Likely pathogenic,17,19568289,na,na,"criteria provided, multiple submitters, no conflicts",1403786,Pathogenic
NM_001134665.3(TRMT10A):c.379C>T (p.Arg127Ter),TRMT10A,Pathogenic/Likely pathogenic,4,100478543,na,na,"criteria provided, multiple submitters, no conflicts",156229,Pathogenic
NM_001244008.2(KIF1A):c.153C>G (p.Ser51Arg),KIF1A,Likely pathogenic,2,241728683,na,na,"criteria provided, multiple submitters, no conflicts",1431889,Pathogenic
NM_004959.5(NR5A1):c.250C>T (p.Arg84Cys),NR5A1,Pathogenic/Likely pathogenic,9,124500710,na,na,"criteria provided, multiple submitters, no conflicts",1256011,Pathogenic
NM_000823.4(GHRHR):c.1089_1093del (p.Leu364fs),GHRHR,Pathogenic,7,30976541,na,na,"criteria provided, multiple submitters, no conflicts",265396,Pathogenic
NM_001077365.2(POMT1):c.1474C>T (p.Arg492Ter),POMT1,Pathogenic,9,134394332,na,na,"criteria provided, multiple submitters, no conflicts",3245,Pathogenic
NM_007294.4(BRCA1):c.2127del (p.Phe709fs),BRCA1,Pathogenic,17,43093404,na,na,reviewed by expert panel,266222,Pathogenic
NM_004444.5(EPHB4):c.2484+1G>A,EPHB4,Pathogenic/Likely pathogenic,7,100806419,na,na,"criteria provided, multiple submitters, no conflicts",590874,Pathogenic
NM_032043.3(BRIP1):c.196delinsCTC (p.Ser66fs),BRIP1,Pathogenic,17,59937166,na,na,"criteria provided, multiple submitters, no conflicts",491425,Pathogenic
NM_000548.5(TSC2):c.1361+1G>A,TSC2,Pathogenic/Likely pathogenic,16,2112602,na,na,"criteria provided, multiple submitters, no conflicts",49693,Pathogenic
NM_001378454.1(ALMS1):c.1196_1202del (p.Thr399fs),ALMS1,Pathogenic,2,73651986,na,na,"criteria provided, multiple submitters, no conflicts",555656,Pathogenic
NM_004523.4(KIF11):c.2514_2518del (p.Asn838fs),KIF11,Pathogenic,10,92645606,na,na,"criteria provided, multiple submitters, no conflicts",977910,Pathogenic
NM_016390.4(SPOUT1):c.292G>A (p.Gly98Ser),SPOUT1,Likely pathogenic,9,128827108,na,na,"criteria provided, multiple submitters, no conflicts",3236475,Pathogenic
NM_000359.3(TGM1):c.877-2A>G,TGM1,Pathogenic,14,24729019,na,na,"criteria provided, multiple submitters, no conflicts",279911,Pathogenic
NM_138704.4(NSMCE3):c.790C>T (p.Leu264Phe),NSMCE3,Pathogenic/Likely pathogenic,15,29268916,na,na,"criteria provided, multiple submitters, no conflicts",267795,Pathogenic
NM_001134407.3(GRIN2A):c.1832T>A (p.Leu611Gln),GRIN2A,Pathogenic/Likely pathogenic,16,9829598,na,na,"criteria provided, multiple submitters, no conflicts",1325863,Pathogenic
NM_002485.5(NBN):c.1640del (p.Arg546_Ser547insTer),NBN,Pathogenic,8,90965677,na,na,"criteria provided, multiple submitters, no conflicts",371069,Pathogenic
NM_000860.6(HPGD):c.120del (p.Ala41fs),HPGD,Pathogenic,4,175443192,na,na,"criteria provided, multiple submitters, no conflicts",2203595,Pathogenic
NM_000251.3(MSH2):c.2211-10T>A,MSH2,Pathogenic/Likely pathogenic,2,47705401,na,na,"criteria provided, multiple submitters, no conflicts",90927,Pathogenic
NM_001271.4(CHD2):c.2425C>T (p.Arg809Ter),CHD2,Pathogenic,15,92972337,na,na,"criteria provided, multiple submitters, no conflicts",489275,Pathogenic
NM_000059.4(BRCA2):c.5270_5286del (p.Tyr1757fs),BRCA2,Pathogenic,13,32339622,na,na,reviewed by expert panel,126065,Pathogenic
NM_006950.3(SYN1):c.1259G>A (p.Arg420Gln),SYN1,Likely pathogenic,X,47575174,na,na,"criteria provided, multiple submitters, no conflicts",1319815,Pathogenic
NM_004415.4(DSP):c.7491_7492del (p.Cys2497_Glu2498delinsTer),DSP,Pathogenic/Likely pathogenic,6,7584982,na,na,"criteria provided, multiple submitters, no conflicts",372679,Pathogenic
NM_001042492.3(NF1):c.739G>T (p.Glu247Ter),NF1,Pathogenic,17,31182516,na,na,"criteria provided, multiple submitters, no conflicts",1075677,Pathogenic
NM_001009944.3(PKD1):c.4906C>T (p.Gln1636Ter),PKD1,Pathogenic,16,2110261,na,na,"criteria provided, multiple submitters, no conflicts",803166,Pathogenic
NM_007315.4(STAT1):c.1011_1012del (p.Val339fs),STAT1,Pathogenic,2,191855979,na,na,"criteria provided, multiple submitters, no conflicts",961842,Pathogenic
NM_001042492.3(NF1):c.3520C>T (p.Gln1174Ter),NF1,Pathogenic,17,31233025,na,na,"criteria provided, multiple submitters, no conflicts",978806,Pathogenic
NM_003000.3(SDHB):c.642_642+6del,SDHB,Pathogenic/Likely pathogenic,1,17350462,na,na,"criteria provided, multiple submitters, no conflicts",233382,Pathogenic
NM_007294.4(BRCA1):c.770_771insGA (p.His257fs),BRCA1,Pathogenic,17,41246777,na,na,reviewed by expert panel,548242,Pathogenic
NM_001077365.2(POMT1):c.1000C>T (p.Arg334Ter),POMT1,Pathogenic/Likely pathogenic,9,134387441,na,na,"criteria provided, multiple submitters, no conflicts",2677993,Pathogenic
NM_000162.5(GCK):c.184G>A (p.Val62Met),GCK,Pathogenic,7,44192924,na,na,reviewed by expert panel,419624,Pathogenic
NM_007294.4(BRCA1):c.1333del (p.Glu445fs),BRCA1,Pathogenic,17,41246215,na,na,reviewed by expert panel,266157,Pathogenic
NM_058216.3(RAD51C):c.630T>G (p.Tyr210Ter),RAD51C,Pathogenic/Likely pathogenic,17,58703254,na,na,"criteria provided, multiple submitters, no conflicts",185074,Pathogenic
NM_007294.4(BRCA1):c.3758_3759del (p.Leu1252_Ser1253insTer),BRCA1,Pathogenic,17,41243789,na,na,reviewed by expert panel,548311,Pathogenic
NM_000944.5(PPP3CA):c.275A>G (p.His92Arg),PPP3CA,Pathogenic/Likely pathogenic,4,101109063,na,na,"criteria provided, multiple submitters, no conflicts",441272,Pathogenic
NM_181783.4(TMTC3):c.955C>T (p.Arg319Ter),TMTC3,Pathogenic/Likely pathogenic,12,88166487,na,na,"criteria provided, multiple submitters, no conflicts",488948,Pathogenic
NM_001204.7(BMPR2):c.1169del (p.Gly390fs),BMPR2,Pathogenic/Likely pathogenic,2,203397347,na,na,"criteria provided, multiple submitters, no conflicts",1706628,Pathogenic
NM_004006.3(DMD):c.1283del (p.Asn428fs),DMD,Pathogenic/Likely pathogenic,X,32662297,na,na,"criteria provided, multiple submitters, no conflicts",917479,Pathogenic
NM_004168.4(SDHA):c.1663+1G>T,SDHA,Pathogenic/Likely pathogenic,5,251219,na,na,"criteria provided, multiple submitters, no conflicts",231173,Pathogenic
NM_000124.4(ERCC6):c.4063-1G>C,ERCC6,Pathogenic/Likely pathogenic,10,50667281,na,na,"criteria provided, multiple submitters, no conflicts",549960,Pathogenic
NM_015166.4(MLC1):c.449_455del (p.Leu150fs),MLC1,Pathogenic,22,50515900,na,na,"criteria provided, multiple submitters, no conflicts",371207,Pathogenic
NM_001349798.2(FBXW7):c.1944_1945del (p.Trp649fs),FBXW7,Likely pathogenic,4,152323060,na,na,"criteria provided, multiple submitters, no conflicts",3337271,Pathogenic
NM_001080510.5(METTL23):c.285TAT[1] (p.Ile97del),METTL23,Likely pathogenic,17,74729260,na,na,"criteria provided, multiple submitters, no conflicts",3340973,Pathogenic
NM_002335.4(LRP5):c.3236+2T>G,LRP5,Pathogenic/Likely pathogenic,11,68191167,na,na,"criteria provided, multiple submitters, no conflicts",1512510,Pathogenic
NM_007194.4(CHEK2):c.1006C>T (p.Gln336Ter),CHEK2,Pathogenic/Likely pathogenic,22,28699840,na,na,"criteria provided, multiple submitters, no conflicts",1675879,Pathogenic
NM_021939.4(FKBP10):c.1621C>T (p.Gln541Ter),FKBP10,Pathogenic/Likely pathogenic,17,41822280,na,na,"criteria provided, multiple submitters, no conflicts",1490007,Pathogenic
NM_000093.5(COL5A1):c.1364del (p.Lys455fs),COL5A1,Pathogenic,9,134732099,na,na,"criteria provided, multiple submitters, no conflicts",580851,Pathogenic
NM_004333.6(BRAF):c.1502A>T (p.Glu501Val),BRAF,Pathogenic/Likely pathogenic,7,140477806,na,na,"criteria provided, multiple submitters, no conflicts",40374,Pathogenic
NM_000051.4(ATM):c.7788+3A>G,ATM,Pathogenic/Likely pathogenic,11,108202767,na,na,"criteria provided, multiple submitters, no conflicts",420257,Pathogenic
NM_004183.4(BEST1):c.1100+1G>C,BEST1,Pathogenic/Likely pathogenic,11,61960044,na,na,"criteria provided, multiple submitters, no conflicts",1690964,Pathogenic
NM_001008537.3(NEXMIF):c.3142G>T (p.Glu1048Ter),NEXMIF,Pathogenic,X,74741415,na,na,"criteria provided, multiple submitters, no conflicts",871565,Pathogenic
NM_000138.5(FBN1):c.1807C>T (p.Gln603Ter),FBN1,Pathogenic/Likely pathogenic,15,48800809,na,na,"criteria provided, multiple submitters, no conflicts",263880,Pathogenic
NM_001127222.2(CACNA1A):c.4291C>T (p.Arg1431Ter),CACNA1A,Pathogenic/Likely pathogenic,19,13259661,na,na,"criteria provided, multiple submitters, no conflicts",565995,Pathogenic
NM_000388.4(CASR):c.452C>T (p.Thr151Met),CASR,Pathogenic,3,122257347,na,na,"criteria provided, multiple submitters, no conflicts",8323,Pathogenic
NM_001244710.2(GFPT1):c.738_739del (p.Gly247fs),GFPT1,Pathogenic,2,69354259,na,na,"criteria provided, multiple submitters, no conflicts",444502,Pathogenic
NM_005085.4(NUP214):c.1574del (p.Pro525fs),NUP214,Pathogenic/Likely pathogenic,9,131144555,na,na,"criteria provided, multiple submitters, no conflicts",634925,Pathogenic
NM_025114.4(CEP290):c.297+1G>T,CEP290,Pathogenic/Likely pathogenic,12,88139144,na,na,"criteria provided, multiple submitters, no conflicts",236464,Pathogenic
NM_000314.8(PTEN):c.80-1_80del,PTEN,Pathogenic/Likely pathogenic,10,89653781,na,na,"criteria provided, multiple submitters, no conflicts",496970,Pathogenic
NM_001112741.2(KCNC1):c.1262C>T (p.Ala421Val),KCNC1,Pathogenic/Likely pathogenic,11,17793903,na,na,"criteria provided, multiple submitters, no conflicts",488536,Pathogenic
NM_000206.3(IL2RG):c.115+1G>T,IL2RG,Pathogenic,X,71111424,na,na,reviewed by expert panel,1323112,Pathogenic
NM_024306.5(FA2H):c.363+2T>C,FA2H,Likely pathogenic,16,74740021,na,na,"criteria provided, multiple submitters, no conflicts",2671835,Pathogenic
NM_015175.3(NBEAL2):c.4485-1G>A,NBEAL2,Pathogenic/Likely pathogenic,3,47001278,na,na,"criteria provided, multiple submitters, no conflicts",3606036,Pathogenic
NM_000059.4(BRCA2):c.9011del (p.Lys3004fs),BRCA2,Pathogenic,13,32953942,na,na,reviewed by expert panel,224447,Pathogenic
NM_018294.6(CWF19L1):c.942del (p.Pro315fs),CWF19L1,Likely pathogenic,10,100245821,na,na,"criteria provided, multiple submitters, no conflicts",806557,Pathogenic
NM_005763.4(AASS):c.395G>A (p.Arg132His),AASS,Likely pathogenic,7,121766506,na,na,"criteria provided, multiple submitters, no conflicts",1048522,Pathogenic
NM_001378452.1(ITPR1):c.7660G>A (p.Gly2554Arg),ITPR1,Pathogenic/Likely pathogenic,3,4856205,na,na,"criteria provided, multiple submitters, no conflicts",235922,Pathogenic
NM_004429.5(EFNB1):c.253C>T (p.Gln85Ter),EFNB1,Pathogenic,X,68838741,na,na,"criteria provided, multiple submitters, no conflicts",812706,Pathogenic
NM_130839.5(UBE3A):c.2430_2433del (p.Asp810fs),UBE3A,Pathogenic,15,25585297,na,na,"criteria provided, multiple submitters, no conflicts",155976,Pathogenic
NM_004281.4(BAG3):c.946C>T (p.Gln316Ter),BAG3,Pathogenic/Likely pathogenic,10,121436012,na,na,"criteria provided, multiple submitters, no conflicts",840339,Pathogenic
NM_020800.3(IFT80):c.869dup (p.Asn290fs),IFT80,Pathogenic,3,160319847,na,na,"criteria provided, multiple submitters, no conflicts",373566,Pathogenic
NM_006915.3(RP2):c.801_804del (p.Glu269fs),RP2,Pathogenic/Likely pathogenic,X,46719455,na,na,"criteria provided, multiple submitters, no conflicts",3028613,Pathogenic
NM_177438.3(DICER1):c.4654C>T (p.Gln1552Ter),DICER1,Pathogenic/Likely pathogenic,14,95096266,na,na,"criteria provided, multiple submitters, no conflicts",429137,Pathogenic
NM_014009.4(FOXP3):c.1015C>G (p.Pro339Ala),FOXP3,Pathogenic/Likely pathogenic,X,49253155,na,na,"criteria provided, multiple submitters, no conflicts",282065,Pathogenic
NM_033028.5(BBS4):c.24+1G>T,BBS4,Likely pathogenic,15,72978593,na,na,"criteria provided, multiple submitters, no conflicts",1067554,Pathogenic
NM_015627.3(LDLRAP1):c.439del (p.Leu147fs),LDLRAP1,Pathogenic/Likely pathogenic,1,25883737,na,na,"criteria provided, multiple submitters, no conflicts",1457973,Pathogenic
NM_002528.7(NTHL1):c.568C>T (p.Gln190Ter),NTHL1,Pathogenic,16,2093685,na,na,"criteria provided, multiple submitters, no conflicts",1452364,Pathogenic
NC_012920.1(MT-TL1):m.3291T>C,MT-TL1;MT-ND1,Likely pathogenic,MT,3291,na,na,reviewed by expert panel,223247,Pathogenic
NM_001267550.2(TTN):c.57854del (p.Pro19285fs),TTN,Likely pathogenic,2,178594640,na,na,"criteria provided, multiple submitters, no conflicts",1804420,Pathogenic
NM_170707.4(LMNA):c.1358G>C (p.Arg453Pro),LMNA,Pathogenic/Likely pathogenic,1,156136414,na,na,"criteria provided, multiple submitters, no conflicts",66808,Pathogenic
NM_014334.4(FRRS1L):c.486C>A (p.Cys162Ter),FRRS1L,Pathogenic/Likely pathogenic,9,109141566,na,na,"criteria provided, multiple submitters, no conflicts",575860,Pathogenic
NM_000458.4(HNF1B):c.529C>T (p.Arg177Ter),HNF1B,Pathogenic,17,37739455,na,na,"criteria provided, multiple submitters, no conflicts",12635,Pathogenic
NM_000162.5(GCK):c.1358_*127delinsT (p.Ser453fs),GCK,Likely pathogenic,7,44145009,na,na,reviewed by expert panel,2571664,Pathogenic
NM_000465.4(BARD1):c.1949del (p.Lys650fs),BARD1,Pathogenic,2,215595187,na,na,"criteria provided, multiple submitters, no conflicts",927256,Pathogenic
NM_000277.3(PAH):c.466G>C (p.Ala156Pro),PAH,Pathogenic,12,102866639,na,na,reviewed by expert panel,102688,Pathogenic
NM_014781.5(RB1CC1):c.3195G>A (p.Ala1065=),RB1CC1,Benign,8,53569194,na,na,"criteria provided, multiple submitters, no conflicts",776331,Benign
NM_005431.2(XRCC2):c.582G>A (p.Thr194=),XRCC2,Likely benign,7,152648903,na,na,"criteria provided, multiple submitters, no conflicts",384533,Benign
NM_001395010.1(DAB2IP):c.1002C>T (p.Tyr334=),DAB2IP,Benign,9,124522550,na,na,"criteria provided, multiple submitters, no conflicts",774676,Benign
NM_001692.4(ATP6V1B1):c.118+10C>T,ATP6V1B1,Likely benign,2,71163212,na,na,"criteria provided, multiple submitters, no conflicts",765458,Benign
NM_000251.3(MSH2):c.2061C>T (p.Leu687=),MSH2,Likely benign,2,47703561,na,na,"criteria provided, multiple submitters, no conflicts",506328,Benign
NM_023037.3(FRY):c.6483G>A (p.Gln2161=),FRY,Benign,13,32813453,na,na,"criteria provided, multiple submitters, no conflicts",720491,Benign
NM_001754.5(RUNX1):c.390C>T (p.Val130=),RUNX1,Likely benign,21,34880675,na,na,reviewed by expert panel,1154884,Benign
NM_001005242.3(PKP2):c.909A>G (p.Glu303=),PKP2,Likely benign,12,32877971,na,na,"criteria provided, multiple submitters, no conflicts",699284,Benign
NM_000051.4(ATM):c.1788T>C (p.Pro596=),ATM,Benign/Likely benign,11,108122744,na,na,"criteria provided, multiple submitters, no conflicts",1780134,Benign
NM_014824.3(FCHSD2):c.385A>C (p.Arg129=),FCHSD2,Benign,11,72712037,na,na,"criteria provided, multiple submitters, no conflicts",710059,Benign
NM_176822.4(NLRP14):c.143A>C (p.Asn48Thr),NLRP14,Benign,11,7059960,na,na,"criteria provided, multiple submitters, no conflicts",1234647,Benign
NM_015272.5(RPGRIP1L):c.1401+127A>G,RPGRIP1L,Benign,16,53692199,na,na,"criteria provided, multiple submitters, no conflicts",672894,Benign
NM_001369.3(DNAH5):c.5991C>T (p.Leu1997=),DNAH5,Likely benign,5,13830776,na,na,"criteria provided, multiple submitters, no conflicts",1086362,Benign
NM_001261826.3(AP3D1):c.-98G>A,AP3D1,Likely benign,19,2151432,na,na,"criteria provided, multiple submitters, no conflicts",1316811,Benign
NM_000260.4(MYO7A):c.4920C>T (p.Gly1640=),MYO7A,Likely benign,11,76912560,na,na,"criteria provided, multiple submitters, no conflicts",1199841,Benign
NM_001082486.2(ACD):c.1032C>T (p.Cys344=),ACD,Likely benign,16,67658160,na,na,"criteria provided, multiple submitters, no conflicts",1104392,Benign
NM_000877.4(IL1R1):c.1158C>T (p.Asp386=),IL1R1,Benign/Likely benign,2,102175500,na,na,"criteria provided, multiple submitters, no conflicts",723970,Benign
NM_001408.3(CELSR2):c.3602C>T (p.Pro1201Leu),CELSR2,Benign,1,109801345,na,na,"criteria provided, multiple submitters, no conflicts",1609664,Benign
NM_007294.4(BRCA1):c.3348A>T (p.Val1116=),BRCA1,Likely benign,17,43092183,na,na,"criteria provided, multiple submitters, no conflicts",2774848,Benign
NM_058179.4(PSAT1):c.348G>A (p.Lys116=),PSAT1,Benign,9,78304891,na,na,"criteria provided, multiple submitters, no conflicts",542040,Benign
NM_198576.4(AGRN):c.3522C>T (p.Asp1174=),AGRN,Likely benign,1,982958,na,na,"criteria provided, multiple submitters, no conflicts",1635022,Benign
NM_022489.4(INF2):c.1791C>T (p.Pro597=),INF2,Likely benign,14,105174828,na,na,"criteria provided, multiple submitters, no conflicts",383078,Benign
NM_018389.5(SLC35C1):c.-303G>C,SLC35C1,Benign,11,45805499,na,na,"criteria provided, multiple submitters, no conflicts",304731,Benign
NM_001369268.1(ACAN):c.1605-128G>A,ACAN,Benign,15,89391014,na,na,"criteria provided, multiple submitters, no conflicts",1293759,Benign
NM_001943.5(DSG2):c.3309T>C (p.Ser1103=),DSG2,Likely benign,18,31546695,na,na,"criteria provided, multiple submitters, no conflicts",753843,Benign
NM_001009944.3(PKD1):c.3275T>C (p.Met1092Thr),PKD1,Benign/Likely benign,16,2112360,na,na,"criteria provided, multiple submitters, no conflicts",256947,Benign
NM_004006.3(DMD):c.10619C>T (p.Pro3540Leu),DMD,Likely benign,X,31165570,na,na,"criteria provided, multiple submitters, no conflicts",1122887,Benign
NM_000257.4(MYH7):c.4651C>T (p.Leu1551=),MYH7,Benign/Likely benign,14,23416306,na,na,"criteria provided, multiple submitters, no conflicts",1244297,Benign
NM_001195248.2(APTX):c.484-25_484-9del,APTX,Likely benign,9,32986039,na,na,"criteria provided, multiple submitters, no conflicts",1320642,Benign
NM_000540.3(RYR1):c.8925C>T (p.Ala2975=),RYR1,Likely benign,19,38998460,na,na,"criteria provided, multiple submitters, no conflicts",1150727,Benign
NM_201384.3(PLEC):c.5493G>A (p.Ala1831=),PLEC,Benign/Likely benign,8,144998604,na,na,"criteria provided, multiple submitters, no conflicts",282097,Benign
NM_005144.5(HR):c.37A>G (p.Thr13Ala),HR,Benign/Likely benign,8,21986647,na,na,"criteria provided, multiple submitters, no conflicts",362533,Benign
NM_001369.3(DNAH5):c.574G>A (p.Ala192Thr),DNAH5,Likely benign,5,13922193,na,na,"criteria provided, multiple submitters, no conflicts",219719,Benign
NM_001378418.1(TCF20):c.954G>A (p.Pro318=),TCF20,Likely benign,22,42610358,na,na,"criteria provided, multiple submitters, no conflicts",2192129,Benign
NM_000254.3(MTR):c.2775+43G>A,MTR,Benign,1,237048562,na,na,"criteria provided, multiple submitters, no conflicts",1258762,Benign
NM_006031.6(PCNT):c.7335G>A (p.Ala2445=),PCNT,Likely benign,21,47847550,na,na,"criteria provided, multiple submitters, no conflicts",1571518,Benign
NM_004360.5(CDH1):c.2208G>A (p.Val736=),CDH1,Benign/Likely benign,16,68828217,na,na,"criteria provided, multiple submitters, no conflicts",414054,Benign
NM_001303052.2(MYT1L):c.2496C>T (p.Asp832=),MYT1L,Benign,2,1889265,na,na,"criteria provided, multiple submitters, no conflicts",1235280,Benign
NM_007294.4(BRCA1):c.3555G>A (p.Glu1185=),BRCA1,Likely benign,17,41243993,na,na,"criteria provided, multiple submitters, no conflicts",1732623,Benign
NM_181486.4(TBX5):c.465C>T (p.Phe155=),TBX5,Likely benign,12,114398618,na,na,"criteria provided, multiple submitters, no conflicts",1593513,Benign
NM_001042492.3(NF1):c.7322-13G>A,NF1,Likely benign,17,31350170,na,na,"criteria provided, multiple submitters, no conflicts",1187949,Benign
NM_024867.4(SPEF2):c.1848T>A (p.Asn616Lys),SPEF2,Benign,5,35692775,na,na,"criteria provided, multiple submitters, no conflicts",403475,Benign
NM_000702.4(ATP1A2):c.2115+15G>A,ATP1A2,Likely benign,1,160105100,na,na,"criteria provided, multiple submitters, no conflicts",383829,Benign
NM_002488.5(NDUFA2):c.231C>T (p.Val77=),NDUFA2,Benign,5,140645656,na,na,"criteria provided, multiple submitters, no conflicts",138444,Benign
NM_004064.5(CDKN1B):c.476-6G>A,CDKN1B,Benign/Likely benign,12,12871753,na,na,"criteria provided, multiple submitters, no conflicts",307669,Benign
NM_001293298.2(CEMIP):c.249G>A (p.Leu83=),CEMIP,Benign,15,80879723,na,na,"criteria provided, multiple submitters, no conflicts",585660,Benign
NM_000719.7(CACNA1C):c.6021C>T (p.Ala2007=),CACNA1C,Likely benign,12,2688683,na,na,"criteria provided, multiple submitters, no conflicts",701720,Benign
NM_000179.3(MSH6):c.3726T>C (p.Arg1242=),MSH6,Benign/Likely benign,2,48033422,na,na,"criteria provided, multiple submitters, no conflicts",1734336,Benign
NC_000020.11:g.2432826T>G,TGM6,Benign,20,2432826,na,na,"criteria provided, multiple submitters, no conflicts",1262993,Benign
NM_000135.4(FANCA):c.801T>C (p.Val267=),FANCA,Likely benign,16,89799630,na,na,"criteria provided, multiple submitters, no conflicts",702690,Benign
NM_201384.3(PLEC):c.12784G>A (p.Val4262Ile),PLEC,Benign,8,144991205,na,na,"criteria provided, multiple submitters, no conflicts",93029,Benign
NM_002907.4(RECQL):c.942G>C (p.Gly314=),RECQL,Likely benign,12,21476918,na,na,"criteria provided, multiple submitters, no conflicts",679786,Benign
NM_003313.4(GFUS):c.663+131A>G,GFUS,Benign,8,143614033,na,na,"criteria provided, multiple submitters, no conflicts",1252520,Benign
NM_000124.4(ERCC6):c.-87C>A,ERCC6,Benign,10,49539034,na,na,"criteria provided, multiple submitters, no conflicts",300101,Benign
NM_019074.4(DLL4):c.1197C>T (p.Cys399=),DLL4,Benign/Likely benign,15,40935074,na,na,"criteria provided, multiple submitters, no conflicts",2421324,Benign
NM_138393.4(REEP6):c.420G>A (p.Val140=),REEP6,Benign,19,1496356,na,na,"criteria provided, multiple submitters, no conflicts",786960,Benign
NM_001378120.1(MBD5):c.1536C>T (p.Ser512=),MBD5,Likely benign,2,149227048,na,na,"criteria provided, multiple submitters, no conflicts",390233,Benign
NM_000059.4(BRCA2):c.68-7T>A,BRCA2,Benign,13,32893207,na,na,reviewed by expert panel,52187,Benign
NM_001458.5(FLNC):c.5277C>T (p.Pro1759=),FLNC,Likely benign,7,128490107,na,na,"criteria provided, multiple submitters, no conflicts",757182,Benign
NM_001377275.1(PER3):c.2940A>G (p.Ala980=),PER3,Benign,1,7829887,na,na,"criteria provided, multiple submitters, no conflicts",787732,Benign
NM_173354.5(SIK1):c.1072C>G (p.Pro358Ala),SIK1,Benign/Likely benign,21,44839786,na,na,"criteria provided, multiple submitters, no conflicts",476075,Benign
NM_153700.2(STRC):c.4845C>T (p.Ser1615=),STRC,Likely benign,15,43600682,na,na,"criteria provided, multiple submitters, no conflicts",388811,Benign
NM_198253.3(TERT):c.2658C>T (p.Thr886=),TERT,Likely benign,5,1264704,na,na,"criteria provided, multiple submitters, no conflicts",1141819,Benign
NM_013328.4(PYCR2):c.615C>T (p.Leu205=),PYCR2,Likely benign,1,225921570,na,na,"criteria provided, multiple submitters, no conflicts",788213,Benign
NM_017570.5(OPLAH):c.1633G>A (p.Val545Met),OPLAH,Benign,8,145111924,na,na,"criteria provided, multiple submitters, no conflicts",714803,Benign
NM_015335.5(MED13L):c.1910G>A (p.Arg637His),MED13L,Benign/Likely benign,12,116446308,na,na,"criteria provided, multiple submitters, no conflicts",915314,Benign
NM_000038.6(APC):c.2298T>C (p.Ala766=),APC,Benign/Likely benign,5,112173589,na,na,"criteria provided, multiple submitters, no conflicts",3148498,Benign
NM_003597.5(KLF11):c.33C>T (p.Asp11=),KLF11,Likely benign,2,10043749,na,na,"criteria provided, multiple submitters, no conflicts",1336340,Benign
NM_000088.4(COL1A1):c.471+32C>T,COL1A1,Benign,17,48276555,na,na,"criteria provided, multiple submitters, no conflicts",675184,Benign
NM_001160372.4(TRAPPC9):c.3237C>T (p.Asp1079=),TRAPPC9,Likely benign,8,140744264,na,na,"criteria provided, multiple submitters, no conflicts",437023,Benign
NM_001510.4(GRID2):c.244+113G>C,GRID2,Benign,4,92590399,na,na,"criteria provided, multiple submitters, no conflicts",1225508,Benign
NM_020320.5(RARS2):c.1263A>G (p.Gln421=),RARS2,Likely benign,6,87518866,na,na,"criteria provided, multiple submitters, no conflicts",388898,Benign
NM_000059.4(BRCA2):c.5913T>C (p.Ser1971=),BRCA2,Likely benign,13,32340268,na,na,reviewed by expert panel,232126,Benign
NM_004522.3(KIF5C):c.1569+57T>G,KIF5C,Benign,2,148981618,na,na,"criteria provided, multiple submitters, no conflicts",682898,Benign
NM_003482.4(KMT2D):c.13095T>C (p.Leu4365=),KMT2D,Likely benign,12,49031610,na,na,"criteria provided, multiple submitters, no conflicts",514748,Benign
NM_001243133.2(NLRP3):c.729G>A (p.Ser243=),NLRP3,Likely benign,1,247424178,na,na,"criteria provided, multiple submitters, no conflicts",932659,Benign
NC_000007.14:g.103352638C>T,SLC26A5,Benign,7,103352638,na,na,"criteria provided, multiple submitters, no conflicts",1249288,Benign
NM_001081.4(CUBN):c.5196C>T (p.Thr1732=),CUBN,Likely benign,10,16990490,na,na,"criteria provided, multiple submitters, no conflicts",695883,Benign
NM_001453.3(FOXC1):c.351C>T (p.Asp117=),FOXC1,Likely benign,6,1610796,na,na,"criteria provided, multiple submitters, no conflicts",1545461,Benign
NM_000077.5(CDKN2A):c.458-9C>T,CDKN2A,Likely benign,9,21968251,na,na,"criteria provided, multiple submitters, no conflicts",463506,Benign
NM_001042492.3(NF1):c.*498T>G,NF1,Benign/Likely benign,17,31374653,na,na,"criteria provided, multiple submitters, no conflicts",322579,Benign
NM_001184.4(ATR):c.5361G>A (p.Val1787=),ATR,Likely benign,3,142499646,na,na,"criteria provided, multiple submitters, no conflicts",2069654,Benign
NM_004304.5(ALK):c.3138C>T (p.Ala1046=),ALK,Likely benign,2,29448361,na,na,"criteria provided, multiple submitters, no conflicts",697670,Benign
NM_002439.5(MSH3):c.1776C>G (p.Ala592=),MSH3,Likely benign,5,80057377,na,na,"criteria provided, multiple submitters, no conflicts",2028562,Benign
NM_001171.6(ABCC6):c.1338+62C>G,ABCC6,Benign,16,16291816,na,na,"criteria provided, multiple submitters, no conflicts",1691106,Benign
NM_015378.4(VPS13D):c.2454G>A (p.Ser818=),VPS13D,Likely benign,1,12336099,na,na,"criteria provided, multiple submitters, no conflicts",1642878,Benign
NM_000176.3(NR3C1):c.2182-9C>G,NR3C1,Benign/Likely benign,5,143282050,na,na,"criteria provided, multiple submitters, no conflicts",351366,Benign
NM_002427.4(MMP13):c.1169A>G (p.Asp390Gly),MMP13,Benign/Likely benign,11,102947933,na,na,"criteria provided, multiple submitters, no conflicts",301976,Benign
NM_015692.5(CPAMD8):c.2820C>G (p.Thr940=),CPAMD8,Benign,19,16938420,na,na,"criteria provided, multiple submitters, no conflicts",1248602,Benign
NM_004064.5(CDKN1B):c.388T>C (p.Leu130=),CDKN1B,Likely benign,12,12718227,na,na,"criteria provided, multiple submitters, no conflicts",1735891,Benign
NM_000552.5(VWF):c.5053+82C>T,VWF,Benign,12,6127449,na,na,"criteria provided, multiple submitters, no conflicts",1686375,Benign
NM_152490.5(B3GALNT2):c.362-12C>T,B3GALNT2,Likely benign,1,235484527,na,na,"criteria provided, multiple submitters, no conflicts",510864,Benign
NC_000019.10:g.39480796C>T,TIMM50,Likely benign,19,39480796,na,na,"criteria provided, multiple submitters, no conflicts",1571717,Benign
NM_021942.6(TRAPPC11):c.1344C>T (p.Cys448=),TRAPPC11,Likely benign,4,184605354,na,na,"criteria provided, multiple submitters, no conflicts",541356,Benign
NM_000094.4(COL7A1):c.631G>A (p.Val211Ile),COL7A1,Likely benign,3,48630586,na,na,"criteria provided, multiple submitters, no conflicts",1050768,Benign
NM_003922.4(HERC1):c.6195A>G (p.Thr2065=),HERC1,Likely benign,15,63978588,na,na,"criteria provided, multiple submitters, no conflicts",714628,Benign
NM_005477.2(HCN4):c.-1076A>C,HCN4,Benign,15,73661687,na,na,"criteria provided, multiple submitters, no conflicts",683544,Benign
NM_001040159.2(SPOCK3):c.291A>G (p.Val97=),SPOCK3,Benign,4,167000408,na,na,"criteria provided, multiple submitters, no conflicts",778163,Benign
NM_003072.5(SMARCA4):c.2400A>G (p.Lys800=),SMARCA4,Likely benign,19,11013074,na,na,"criteria provided, multiple submitters, no conflicts",3018209,Benign
NM_000350.3(ABCA4):c.4253+13G>A,ABCA4,Benign/Likely benign,1,94496539,na,na,"criteria provided, multiple submitters, no conflicts",298240,Benign
